counseling_spending,propertyrate,unemploy,male,lessthanhighschoolgraduate,school_spending,school_age_pop
27.739999771118164,3881.8505859375,4.5,0.47999998927116394,0.20000000298023224,3320100096,0.12890861928462982
30.1299991607666,3915.527099609375,4,0.49000000953674316,0.20000000298023224,3307312128,0.1327173411846161
36.689998626708984,3939.403076171875,4,0.47999998927116394,0.20000000298023224,3382763520,0.13499721884727478
40.56999969482422,4035.771240234375,5.699999809265137,0.49000000953674316,0.18000000715255737,3813406208,0.13701646029949188
40.029998779296875,3741.263427734375,11,0.47999998927116394,0.18000000715255737,4095268352,0.13783951103687286
42.5,3527.669921875,10.5,0.49000000953674316,0.18000000715255737,5000999936,0.13749906420707703
46.20000076293945,3606.89306640625,9.600000381469727,0.47999998927116394,0.17000000178813934,4563995648,0.14029283821582794
49.369998931884766,3505.522705078125,8,0.49000000953674316,0.1599999964237213,5022565888,0.14524173736572266
53.84000015258789,3347.851318359375,7.199999809265137,0.47999998927116394,0.1599999964237213,4992246784,0.14927172660827637
207.83999633789062,3594.743896484375,6.900000095367432,0.5099999904632568,0.09000000357627869,830700032,0.06569179147481918
221.94000244140625,3550.263427734375,6.599999904632568,0.5199999809265137,0.10000000149011612,857793664,0.06571868062019348
238.19000244140625,3394.972900390625,6.300000190734863,0.5199999809265137,0.10000000149011612,873492416,0.06888443976640701
228.1300048828125,2922.373046875,6.699999809265137,0.5199999809265137,0.07999999821186066,928919296,0.07054567337036133
238.5,2938.638916015625,7.699999809265137,0.5199999809265137,0.09000000357627869,1044470400,0.0743665099143982
259.79998779296875,2837.96728515625,7.900000095367432,NA,NA,1160000000,NA
337.9200134277344,2642.5048828125,7.599999904632568,NA,NA,1318877184,NA
296.760009765625,2740.736083984375,7.099999904632568,NA,NA,1420130176,NA
307.3500061035156,2877.008056640625,6.900000095367432,0.5299999713897705,0.07999999821186066,1404837248,0.08921390771865845
119.4800033569336,4921.06884765625,4.699999809265137,0.5,0.1599999964237213,4478400000,0.12614361941814423
132.9199981689453,4882.7685546875,4.199999809265137,0.5,0.1599999964237213,5015504896,0.12807497382164001
136.1999969482422,4658.2822265625,3.9000000953674316,0.5,0.17000000178813934,5596434432,0.12923294305801392
155.97000122070312,4245.822265625,6.199999809265137,0.5,0.1599999964237213,6481704960,0.13293355703353882
178.30999755859375,3731.9130859375,9.899999618530273,0.5,0.1599999964237213,7444064768,0.13145969808101654
207.60000610351562,3537.149658203125,10.399999618530273,0.5,0.14000000059604645,7920000000,0.13826493918895721
207.5800018310547,3551.687255859375,9.5,0.5,0.14000000059604645,7400766976,0.14240683615207672
206.3300018310547,3534.05517578125,8.300000190734863,0.5,0.14000000059604645,7477527552,0.14818376302719116
205.22000122070312,3365.397216796875,7.699999809265137,0.5,0.14000000059604645,7849995264,0.15373197197914124
20.520000457763672,4060.052490234375,5.199999809265137,0.49000000953674316,0.1899999976158142,2451599872,0.13461050391197205
22.920000076293945,3970.03857421875,5.199999809265137,0.49000000953674316,0.20000000298023224,2549348096,0.13834141194820404
23.760000228881836,3936.25048828125,5.300000190734863,0.49000000953674316,0.1899999976158142,2834335744,0.14037548005580902
24.780000686645508,3839.204345703125,5.5,0.49000000953674316,0.18000000715255737,3078957824,0.1415533423423767
25.280000686645508,3765.409423828125,7.800000190734863,0.49000000953674316,0.18000000715255737,3331093504,0.1427891105413437
25.299999237060547,3552.684814453125,8.199999809265137,0.49000000953674316,0.17000000178813934,3732999936,0.14378222823143005
NA,3758.12939453125,8.300000190734863,0.49000000953674316,0.1599999964237213,3940132608,0.14589110016822815
27.3700008392334,3708.981689453125,7.599999904632568,0.49000000953674316,0.15000000596046448,4137221376,0.14957185089588165
27.459999084472656,3598.697509765625,7.300000190734863,0.49000000953674316,0.1599999964237213,4319206912,0.1532561182975769
86.44000244140625,3350.8232421875,5.400000095367432,0.5,0.20000000298023224,28683900928,0.1049102395772934
90.12000274658203,3220.292236328125,4.900000095367432,0.5,0.20000000298023224,29413634048,0.10773708671331406
101.31999969482422,3068.966796875,5.400000095367432,0.5,0.20000000298023224,32093956096,0.10945545881986618
115.0999984741211,2953.19091796875,7.300000190734863,0.5,0.20000000298023224,36043251712,0.11197490245103836
120.18000030517578,2731.05908203125,11.199999809265137,0.5,0.1899999976158142,38328721408,0.11209535598754883
120.4000015258789,2630.005126953125,12.199999809265137,0.5,0.1899999976158142,41771999232,0.11431238800287247
129.8300018310547,2582.951904296875,11.699999809265137,0.5,0.1899999976158142,46025613312,0.11668426543474197
140.75,2757.19482421875,10.399999618530273,0.5,0.1899999976158142,53645971456,0.120904840528965
134.92999267578125,2651.236083984375,8.899999618530273,0.5,0.18000000715255737,59552280576,0.125066339969635
48.83000183105469,4068.513671875,5,0.5,0.10999999940395355,2429100032,0.09707876294851303
48.06999969482422,3462.38037109375,4.300000190734863,0.5,0.11999999731779099,2475400192,0.10032551735639572
52.65999984741211,3035.220703125,3.700000047683716,0.5,0.10999999940395355,2704119552,0.10148955881595612
58.63999938964844,2849.64599609375,4.800000190734863,0.5,0.10999999940395355,3019728128,0.10368874669075012
62.45000076293945,2698.9287109375,7.300000190734863,0.5,0.10999999940395355,3358631424,0.10626224428415298
65.30000305175781,2674.041748046875,8.699999809265137,0.5,0.10000000149011612,3952000000,0.1092553436756134
71.55999755859375,2593.550537109375,8.399999618530273,0.5,0.10000000149011612,4328886784,0.11247213929891586
77.80000305175781,2684.18359375,7.900000095367432,0.5,0.09000000357627869,4837285888,0.1177695095539093
81.19000244140625,2655.002197265625,6.800000190734863,0.5,0.10000000149011612,5274282496,0.12241800874471664
83.98999786376953,2574.027099609375,4.900000095367432,0.49000000953674316,0.11999999731779099,3530700032,0.1303715705871582
92.25,2576.802490234375,4.300000190734863,0.49000000953674316,0.11999999731779099,3736209152,0.13423413038253784
98.94999694824219,2453.115234375,4.5,0.49000000953674316,0.11999999731779099,3929290240,0.13461405038833618
111.8499984741211,2459.682861328125,5.699999809265137,0.49000000953674316,0.10999999940395355,4682108416,0.13630639016628265
117.52999877929688,2319.74951171875,7.900000095367432,0.49000000953674316,0.10999999940395355,5422984704,0.13843010365962982
118.30000305175781,2186.405517578125,9.100000381469727,0.49000000953674316,0.10999999940395355,5560999936,0.142058327794075
140.5500030517578,2150.2353515625,8.800000190734863,0.49000000953674316,0.10999999940395355,5880809984,0.14391395449638367
152.44000244140625,2146.94580078125,8.300000190734863,0.49000000953674316,0.10000000149011612,6946952704,0.14818178117275238
161.63999938964844,1980.19580078125,7.800000190734863,0.49000000953674316,0.10000000149011612,6969701888,0.15141654014587402
36.459999084472656,3105.365966796875,4.099999904632568,0.49000000953674316,0.14000000059604645,729000000,0.13045772910118103
47.599998474121094,3452.93896484375,3.5999999046325684,0.49000000953674316,0.15000000596046448,814349376,0.13422052562236786
48.09000015258789,3351.42333984375,3.4000000953674316,0.47999998927116394,0.12999999523162842,888700160,0.13539069890975952
54.689998626708984,3550.845458984375,4.900000095367432,0.47999998927116394,0.12999999523162842,1021712512,0.1383061558008194
55.7599983215332,3328.92236328125,8.300000190734863,0.49000000953674316,0.12999999523162842,1089711104,0.14215216040611267
57.5,3454.1435546875,8.399999618530273,0.49000000953674316,0.11999999731779099,1168000000,0.14389248192310333
56.40999984741211,3432.69482421875,7.5,0.49000000953674316,0.12999999523162842,1316814720,0.1476208120584488
57.900001525878906,3349.071533203125,7.199999809265137,0.49000000953674316,0.11999999731779099,1526455808,0.15354293584823608
60.56999969482422,3134.429931640625,6.699999809265137,0.47999998927116394,0.11999999731779099,1520215552,0.15873092412948608
17.600000381469727,3996.1689453125,3.700000047683716,0.49000000953674316,0.15000000596046448,10960199680,0.1657535582780838
19.690000534057617,3969.292724609375,3.200000047683716,0.49000000953674316,0.1599999964237213,10868467712,0.16772447526454926
19.8700008392334,4062.8017578125,4,0.49000000953674316,0.15000000596046448,11772662784,0.16966378688812256
21.030000686645508,4096.05712890625,6.300000190734863,0.49000000953674316,0.15000000596046448,13069035520,0.17365801334381104
20.950000762939453,3817.206787109375,10.399999618530273,0.49000000953674316,0.15000000596046448,14094449664,0.1725628674030304
20.100000381469727,3548.83935546875,11.100000381469727,0.49000000953674316,0.15000000596046448,15904000000,0.17370600998401642
20.520000457763672,3512.683349609375,10,0.49000000953674316,0.14000000059604645,16663841792,0.17627640068531036
20.6299991607666,3270.367431640625,8.5,0.49000000953674316,0.14000000059604645,17468971008,0.181639164686203
NA,3097.757080078125,7.300000190734863,0.49000000953674316,0.12999999523162842,18050289664,0.18638107180595398
23.8799991607666,4240.83935546875,5.300000190734863,0.49000000953674316,0.17000000178813934,6218100224,0.0919952318072319
29.020000457763672,3961.548828125,4.699999809265137,0.49000000953674316,0.18000000715255737,5779015168,0.0968480035662651
23.3799991607666,3970.572021484375,4.5,0.49000000953674316,0.17000000178813934,6679032832,0.09853176027536392
26.459999084472656,4081.25634765625,6.199999809265137,0.49000000953674316,0.1599999964237213,6716649472,0.10148533433675766
23.110000610351562,3752.11279296875,9.899999618530273,0.49000000953674316,0.1599999964237213,6588425216,0.10284833610057831
26.799999237060547,3638.37890625,10.5,0.49000000953674316,0.1599999964237213,7248000000,0.10644929111003876
31.139999389648438,3640.351318359375,10.199999809265137,0.49000000953674316,0.1599999964237213,7811175936,0.10961508005857468
37.15999984741211,3422.451904296875,9.199999809265137,0.49000000953674316,0.15000000596046448,8217595392,0.1148550733923912
40.70000076293945,3399.86181640625,8.199999809265137,0.49000000953674316,0.15000000596046448,8692897792,0.119170643389225
95.56999969482422,4727.595703125,2.9000000953674316,0.49000000953674316,0.11999999731779099,882899968,0.13640828430652618
74.95999908447266,4141.8427734375,2.5999999046325684,0.5,0.10999999940395355,821744128,0.13925498723983765
NA,4018.16552734375,2.799999952316284,0.5,0.10999999940395355,989451200,0.14375387132167816
148.47000122070312,3448.69775390625,4.300000190734863,0.5,0.10000000149011612,1100685440,0.1473616659641266
140.74000549316406,3528.283935546875,7.199999809265137,0.5099999904632568,0.10000000149011612,1106430592,0.14564639329910278
105.19999694824219,3348.143310546875,6.900000095367432,0.5,0.10000000149011612,1362000000,0.14529404044151306
80.0199966430664,3183.309814453125,6.800000190734863,0.5,0.09000000357627869,1460148608,0.1479979008436203
83.05999755859375,3117.465576171875,6,0.5,0.10000000149011612,1347491968,0.15113195776939392
87.5,3212.66259765625,4.900000095367432,0.5099999904632568,0.09000000357627869,1570426368,0.15676605701446533
19.43000030517578,2699.54443359375,4,0.5,0.12999999523162842,888300032,0.1122930496931076
24.860000610351562,2392.30224609375,3.5,0.5,0.12999999523162842,929892736,0.1155097484588623
24.899999618530273,2267.21728515625,3.0999999046325684,0.5,0.11999999731779099,1036975232,0.11664716899394989
23,2081.703857421875,5.099999904632568,0.5,0.11999999731779099,1138197632,0.11953411996364594
20.15999984741211,2008.441650390625,8.800000190734863,0.5,0.11999999731779099,1232317696,0.11984077841043472
15.399999618530273,2001.4783935546875,9,0.5,0.11999999731779099,1468000000,0.12526074051856995
14.329999923706055,2075.730224609375,8.300000190734863,0.5,0.10999999940395355,1327126528,0.12888827919960022
15.050000190734863,1994.56005859375,7.199999809265137,0.5,0.10000000149011612,1585408512,0.13224810361862183
15.699999809265137,1874.3299560546875,6.199999809265137,0.5,0.10999999940395355,1718922496,0.13839030265808105
49.970001220703125,3129.841796875,5.699999809265137,0.49000000953674316,0.14000000059604645,9930600448,0.11544312536716461
54.540000915527344,3064.53173828125,4.5,0.49000000953674316,0.15000000596046448,8880197632,0.11941837519407272
57.220001220703125,2972.0068359375,5,0.49000000953674316,0.14000000059604645,11024633856,0.120449498295784
58.63999938964844,2968.1796875,6.300000190734863,0.49000000953674316,0.14000000059604645,11453051904,0.12187111377716064
57.83000183105469,2761.218505859375,10.199999809265137,0.49000000953674316,0.14000000059604645,13714821120,0.12361606955528259
56.900001525878906,2718.54638671875,10.399999618530273,0.49000000953674316,0.12999999523162842,15326000128,0.12573395669460297
54.86000061035156,2678.865966796875,9.699999809265137,0.49000000953674316,0.12999999523162842,13207332864,0.1276371031999588
55.15999984741211,2584.37255859375,9,0.49000000953674316,0.11999999731779099,13906538496,0.131703183054924
55.77000045776367,2296.627685546875,9.100000381469727,0.49000000953674316,0.11999999731779099,16565327872,0.1350776106119156
49.27000045776367,3452.639892578125,5.5,0.49000000953674316,0.15000000596046448,4721399808,0.1193380281329155
53.88999938964844,3439.039794921875,5,0.49000000953674316,0.15000000596046448,4405435904,0.12370152026414871
54.650001525878906,3352.671630859375,4.599999904632568,0.49000000953674316,0.14000000059604645,4926345216,0.12499919533729553
57.54999923706055,3325.220947265625,5.900000095367432,0.49000000953674316,0.14000000059604645,5838075392,0.12750768661499023
54.290000915527344,3094.85888671875,10.300000190734863,0.49000000953674316,0.12999999523162842,5713115648,0.12884578108787537
48.900001525878906,3070.33203125,10.399999618530273,0.49000000953674316,0.12999999523162842,5888000000,0.12987832725048065
48.77000045776367,3161.422607421875,9.100000381469727,0.49000000953674316,0.12999999523162842,5939587584,0.13142584264278412
48.529998779296875,3028.52783203125,8.300000190734863,0.49000000953674316,0.11999999731779099,7487002112,0.13605332374572754
49.68000030517578,2853.1455078125,7.699999809265137,0.49000000953674316,0.11999999731779099,7673722880,0.13937705755233765
61.70000076293945,2846.05517578125,4.300000190734863,0.49000000953674316,0.10000000149011612,2079900032,0.1404930055141449
79.220001220703125,2823.065673828125,3.700000047683716,0.49000000953674316,0.10999999940395355,2288682240,0.14599616825580597
86.30000305175781,2638.459716796875,3.700000047683716,0.49000000953674316,0.10000000149011612,2365748224,0.14678484201431274
109.7699966430664,2428.885009765625,4.199999809265137,0.49000000953674316,0.10000000149011612,2694951936,0.14775440096855164
117.2300033569336,2310.6826171875,6.400000095367432,0.49000000953674316,0.10000000149011612,2837379584,0.14776533842086792
118,2253.552490234375,6,0.49000000953674316,0.09000000357627869,2991000064,0.14847224950790405
127.3499984741211,2350.579345703125,5.5,0.49000000953674316,0.09000000357627869,3320394240,0.14962239563465118
137.07000732421875,2287.3369140625,5.099999904632568,0.5,0.07999999821186066,3652966400,0.15276174247264862
136.32000732421875,2198.205078125,4.699999809265137,0.5,0.07999999821186066,3757271808,0.15519754588603973
60.599998474121094,3809.712646484375,5,0.49000000953674316,0.10999999940395355,1756800000,0.12398633360862732
58.04999923706055,3773.52880859375,4.400000095367432,0.5,0.11999999731779099,1865331456,0.12867379188537598
59.599998474121094,3698.597412109375,4.199999809265137,0.5,0.10999999940395355,1969397504,0.12927787005901337
77.98999786376953,3378.897216796875,4.599999904632568,0.5,0.10999999940395355,2122397952,0.13092128932476044
92.73999786376953,3210.007080078125,6.900000095367432,0.5,0.10000000149011612,2261052160,0.13034586608409882
94.30000305175781,3116.8447265625,7.099999904632568,0.5,0.10999999940395355,2244000000,0.13256824016571045
103.12000274658203,3089.06201171875,6.5,0.5,0.10000000149011612,2571758848,0.13302937150001526
106.75,3155.477294921875,5.699999809265137,0.5,0.10000000149011612,2574972928,0.1366032510995865
97.75,2959.595703125,5.300000190734863,0.5,0.10000000149011612,2525501952,0.14037008583545685
20.56999969482422,2524.850830078125,5.900000095367432,0.49000000953674316,0.20999999344348907,3621600000,0.12218029797077179
19.8700008392334,2593.54833984375,5.699999809265137,0.49000000953674316,0.20000000298023224,3755620352,0.12726904451847076
23.100000381469727,2536.887939453125,5.400000095367432,0.49000000953674316,0.20000000298023224,4184969728,0.1287321299314499
23.299999237060547,2668.88720703125,6.400000095367432,0.49000000953674316,0.1899999976158142,4414587904,0.13197720050811768
24.389999389648438,2522.8662109375,10.300000190734863,0.49000000953674316,0.18000000715255737,5106299904,0.1322019100189209
26.299999237060547,2555.727294921875,10.199999809265137,0.49000000953674316,0.18000000715255737,5235999744,0.13333767652511597
27.43000030517578,2723.93505859375,9.399999618530273,0.49000000953674316,0.17000000178813934,5392031744,0.1359378844499588
27.899999618530273,2573.306640625,8.199999809265137,0.49000000953674316,0.1599999964237213,5371018752,0.14008398354053497
27.780000686645508,2374.043212890625,8.100000381469727,0.49000000953674316,0.1599999964237213,5529610240,0.1447133868932724
21.200000762939453,3640.47509765625,7.199999809265137,0.47999998927116394,0.20000000298023224,4446000128,0.11364732682704926
17.190000534057617,4066.665771484375,4.5,0.49000000953674316,0.20999999344348907,4516357632,0.12194550037384033
16.059999465942383,4125.5322265625,4.300000190734863,0.49000000953674316,0.20000000298023224,5067966976,0.12162967026233673
29.020000457763672,3859.219482421875,4.900000095367432,0.49000000953674316,0.1899999976158142,5698885120,0.12221921235322952
24.190000534057617,3843.110595703125,6.800000190734863,0.49000000953674316,0.18000000715255737,6144869376,0.12329733371734619
22.399999618530273,3644.572509765625,8,0.49000000953674316,0.18000000715255737,6487000064,0.12314280867576599
32.06999969482422,3682.91162109375,7.800000190734863,0.49000000953674316,0.18000000715255737,6531483648,0.1248779222369194
31.15999984741211,3532.726318359375,7.099999904632568,0.49000000953674316,0.17000000178813934,6978534400,0.12989220023155212
29.59000015258789,3578.93359375,6.699999809265137,0.49000000953674316,0.17000000178813934,7523090432,0.13122083246707916
84.5999984741211,2418.055419921875,4.900000095367432,0.49000000953674316,0.10999999940395355,1829699968,0.14124703407287598
287.19000244140625,2542.876708984375,4.599999904632568,0.49000000953674316,0.10999999940395355,1864407168,0.14560970664024353
275.45001220703125,2430.145263671875,4.699999809265137,0.49000000953674316,0.10999999940395355,1913319168,0.14800330996513367
284.989990234375,2437.638427734375,5.5,0.49000000953674316,0.10000000149011612,2100680448,0.15128876268863678
282.07000732421875,2384.644775390625,8.100000381469727,0.49000000953674316,0.10000000149011612,2404642304,0.1553674042224884
290.29998779296875,2478.602294921875,8.100000381469727,0.49000000953674316,0.10000000149011612,1986000000,0.1588183492422104
273.6700134277344,2547.498779296875,7.900000095367432,0.49000000953674316,0.09000000357627869,2355211264,0.16361238062381744
308.54998779296875,2513.7890625,7.5,0.49000000953674316,0.07999999821186066,2437065472,0.17000779509544373
321.8800048828125,2292.01123046875,6.599999904632568,0.49000000953674316,0.07999999821186066,2677203200,0.17765839397907257
84.80000305175781,3549.16943359375,4.099999904632568,0.47999998927116394,0.12999999523162842,4340700160,0.11159393936395645
91.05000305175781,3473.809326171875,3.9000000953674316,0.47999998927116394,0.12999999523162842,4432242176,0.11527127027511597
98.660003662109375,3410.261474609375,3.5,0.47999998927116394,0.12999999523162842,4793277952,0.11770247668027878
109.56999969482422,3485.7734375,4.199999809265137,0.47999998927116394,0.11999999731779099,5201355776,0.12052299827337265
115.55999755859375,3181.1982421875,7,0.49000000953674316,0.11999999731779099,5975708160,0.12129812687635422
120.19999694824219,2994.22900390625,7.699999809265137,0.47999998927116394,0.11999999731779099,6648999936,0.12275392562150955
133.22999572753906,2855.078125,7.199999809265137,0.47999998927116394,0.10999999940395355,7116162048,0.1255529671907425
147.58999633789062,2754.81982421875,7,0.47999998927116394,0.10999999940395355,7358569472,0.12960708141326904
141.97999572753906,2659.11767578125,6.599999904632568,0.49000000953674316,0.10999999940395355,7765598208,0.1338999718427658
76.91999816894531,2369.516357421875,4.800000190734863,0.49000000953674316,0.11999999731779099,8378999808,0.12887045741081238
83.01000213623047,2401.575439453125,4.900000095367432,0.47999998927116394,0.11999999731779099,8118536704,0.13311485946178436
88.970001220703125,2405.9951171875,4.599999904632568,0.49000000953674316,0.11999999731779099,9309015040,0.13331778347492218
96.73999786376953,2410.26123046875,5.5,0.49000000953674316,0.10999999940395355,10105575424,0.1339532881975174
90.779998779296875,2350.21630859375,8.100000381469727,0.49000000953674316,0.10999999940395355,10889243648,0.1355109065771103
88.5999984741211,2353.66064453125,8.300000190734863,0.47999998927116394,0.10999999940395355,11461999616,0.1381852775812149
92.29000091552734,2250.80029296875,7.300000190734863,0.47999998927116394,0.10999999940395355,11965793280,0.13994747400283813
96.95999908447266,2153.375732421875,6.699999809265137,0.47999998927116394,0.10000000149011612,13055934464,0.1445997804403305
99.88999938964844,2046.1556396484375,6.699999809265137,0.49000000953674316,0.10000000149011612,13469344768,0.14793410897254944
66.41999816894531,3113.0009765625,6.800000190734863,0.49000000953674316,0.12999999523162842,6766199808,0.12107768654823303
72.37999725341797,3244.234375,7,0.49000000953674316,0.12999999523162842,7003774464,0.12484266608953476
80.410003662109375,3085.103759765625,7,0.49000000953674316,0.12999999523162842,8112358912,0.12699131667613983
111.05999755859375,2966.7568359375,8,0.49000000953674316,0.11999999731779099,8862739456,0.1300777941942215
115.94999694824219,2868.417724609375,13.699999809265137,0.49000000953674316,0.11999999731779099,9231073280,0.13416555523872375
92.19999694824219,2748.960205078125,12.600000381469727,0.49000000953674316,0.10999999940395355,10506000384,0.1382429599761963
96,2544.9140625,10.399999618530273,0.49000000953674316,0.10999999940395355,11007828992,0.1405269056558609
101.16999816894531,2521.54296875,9.100000381469727,0.49000000953674316,0.10999999940395355,11580009472,0.1459648311138153
111.20999908447266,2325.020263671875,8.800000190734863,0.49000000953674316,0.10999999940395355,12324108288,0.1502465456724167
85.779998779296875,3092.05908203125,4.099999904632568,0.5,0.09000000357627869,4775399936,0.11569851636886597
93.63999938964844,3084.619140625,4,0.5,0.09000000357627869,4962817024,0.12155848741531372
102.37000274658203,3039.194091796875,4.599999904632568,0.5,0.09000000357627869,5623998464,0.12231826782226562
118.36000061035156,2849.5615234375,5.400000095367432,0.5,0.07999999821186066,6128300544,0.12473275512456894
119.98999786376953,2637.3916015625,7.800000190734863,0.5,0.09000000357627869,6679889920,0.12709127366542816
126.30000305175781,2569.119873046875,7.400000095367432,0.5,0.07999999821186066,7251999744,0.12930668890476227
148.27999877929688,2546.411376953125,6.5,0.5,0.07999999821186066,7911200256,0.13116954267024994
153.91000366210938,2567.587646484375,5.599999904632568,0.5,0.07999999821186066,8559732224,0.13569271564483643
165.16000366210938,2419.615478515625,4.900000095367432,0.5,0.07999999821186066,9310385152,0.13923710584640503
41.91999816894531,3277.11181640625,7.5,0.47999998927116394,0.2199999988079071,2828699904,0.11949127167463303
46.77000045776367,3196.3408203125,6.5,0.49000000953674316,0.2199999988079071,2918162432,0.12392649054527283
51.41999816894531,3103.693115234375,6.099999904632568,0.47999998927116394,0.2199999988079071,3224033024,0.12393547594547272
55.68000030517578,2900.05517578125,6.599999904632568,0.49000000953674316,0.20000000298023224,3385965056,0.12543447315692902
55.08000183105469,2951.458984375,9.5,0.49000000953674316,0.20000000298023224,3577950464,0.12717056274414062
61.900001525878906,2982.216064453125,10.399999618530273,0.49000000953674316,0.1899999976158142,4110000128,0.12887251377105713
65.06999969482422,3015.279052734375,10,0.49000000953674316,0.1899999976158142,4311356928,0.12993837893009186
63.47999954223633,2810.755126953125,9,0.47999998927116394,0.18000000715255737,4478305280,0.13491925597190857
62.06999969482422,2725.34716796875,8.600000381469727,0.49000000953674316,0.18000000715255737,4711279104,0.13852769136428833
32.439998626708984,3934.3212890625,5.400000095367432,0.49000000953674316,0.15000000596046448,5678099968,0.1280450075864792
33.7400016784668,3833.961181640625,4.800000190734863,0.49000000953674316,0.15000000596046448,5606162432,0.13343201577663422
34.880001068115234,3823.502685546875,5.099999904632568,0.49000000953674316,0.14000000059604645,6072625664,0.13374370336532593
38.9900016784668,3655.04833984375,6.099999904632568,0.49000000953674316,0.14000000059604645,6671239680,0.13573960959911346
40.720001220703125,3385.0029296875,9.300000190734863,0.49000000953674316,0.12999999523162842,7288672768,0.137313574552536
42.70000076293945,3349.819091796875,9.600000381469727,0.49000000953674316,0.12999999523162842,7590000128,0.14056913554668427
44.34000015258789,3312.2626953125,8.5,0.49000000953674316,0.11999999731779099,8035973120,0.14218072593212128
53.58000183105469,3316.24365234375,7,0.49000000953674316,0.11999999731779099,8851338240,0.1468493491411209
58.970001220703125,3137.429443359375,6.699999809265137,0.49000000953674316,0.10999999940395355,9100994560,0.15028661489486694
95.61000061035156,3128.06494140625,4.400000095367432,0.5,0.09000000357627869,617400000,0.13294225931167603
107.69000244140625,2832.60498046875,3.5,0.5,0.10000000149011612,638723520,0.13901497423648834
109.20999908447266,2885.542236328125,3.5999999046325684,0.5,0.10000000149011612,669138944,0.1372506022453308
119.3499984741211,2693.52685546875,5.099999904632568,0.5,0.09000000357627869,759127488,0.1407405138015747
125.30000305175781,2523.013671875,6.800000190734863,0.5,0.09000000357627869,832035776,0.1448436826467514
137.3000030517578,2565.075927734375,7.300000190734863,0.5,0.07999999821186066,986000000,0.14884881675243378
137.97000122070312,2394.099853515625,6.900000095367432,0.5,0.07999999821186066,845566272,0.15124839544296265
175.49000549316406,2596.792724609375,6,0.5,0.07000000029802322,1004302592,0.15777388215065002
187.3800048828125,2581.134033203125,5.400000095367432,0.5,0.07000000029802322,1064044032,0.16261395812034607
20.450000762939453,3425.94970703125,3.799999952316284,0.5,0.10999999940395355,1305900032,0.12766259908676147
23.850000381469727,3351.45458984375,3.0999999046325684,0.5,0.10999999940395355,1310723584,0.13191817700862885
38.11000061035156,3126.822265625,3,0.5,0.10000000149011612,1421920256,0.1327819526195526
39.38999938964844,2858.52978515625,3.299999952316284,0.5,0.10000000149011612,1484691456,0.1344749927520752
45.630001068115234,2743.502197265625,4.599999904632568,0.5,0.10000000149011612,1580474496,0.13431039452552795
52.900001525878906,2668.3388671875,4.599999904632568,0.5,0.10000000149011612,1627000064,0.13542890548706055
57.540000915527344,2762.626953125,4.400000095367432,0.5,0.09000000357627869,1623074688,0.1355646550655365
61.369998931884766,2759.545166015625,4,0.5,0.10000000149011612,1806481408,0.13849018514156342
68.589996337890625,2632.306884765625,3.799999952316284,0.5,0.10000000149011612,1778748288,0.14162468910217285
41.470001220703125,4211.265625,4.099999904632568,0.5099999904632568,0.17000000178813934,992700032,0.11240840703248978
41.31999969482422,4056.7529296875,4,0.5099999904632568,0.1599999964237213,1026024768,0.11020749807357788
48.849998474121094,3733.768310546875,4.5,0.5099999904632568,0.1599999964237213,1116815744,0.11100412905216217
52.31999969482422,3391.806640625,6.699999809265137,0.5099999904632568,0.17000000178813934,1220132096,0.11348501592874527
35.11000061035156,3016.2421875,11.300000190734863,0.5099999904632568,0.1599999964237213,1293294336,0.11605226248502731
40.099998474121094,2774.336669921875,13.5,0.5099999904632568,0.15000000596046448,1388999936,0.12095241993665695
39.08000183105469,2577.626708984375,13,0.5,0.1599999964237213,1465304448,0.12471532821655273
35.689998626708984,2813.179931640625,11.199999809265137,0.5,0.15000000596046448,1824377856,0.13029901683330536
67.62000274658203,2836.366455078125,9.600000381469727,0.5,0.15000000596046448,1743493760,0.1364922672510147
70.8499984741211,1850.685302734375,3.5999999046325684,0.49000000953674316,0.10000000149011612,1017000000,0.11891761422157288
77.18000030517578,1991.7623291015625,3.4000000953674316,0.49000000953674316,0.10000000149011612,1008462144,0.12307903170585632
82.5999984741211,2010.91015625,3.5,0.49000000953674316,0.10000000149011612,1122518528,0.12590399384498596
90.5199966430664,2157.220947265625,3.9000000953674316,0.49000000953674316,0.09000000357627869,1201376000,0.12860073149204254
90.37999725341797,2187.5205078125,6.199999809265137,0.49000000953674316,0.09000000357627869,1299195264,0.13471339643001556
100.0999984741211,2220.25244140625,5.800000190734863,0.49000000953674316,0.09000000357627869,1296000000,0.1364327073097229
100.54000091552734,2485.0751953125,5.400000095367432,0.49000000953674316,0.09000000357627869,1159044480,0.14003250002861023
98.8499984741211,2427.46337890625,5.5,0.49000000953674316,0.07999999821186066,1203268224,0.1469632387161255
102.66999816894531,2299.155517578125,5.099999904632568,0.49000000953674316,0.07000000029802322,1275570816,0.15335571765899658
79.29000091552734,2350.8046875,4.5,0.49000000953674316,0.14000000059604645,7560900096,0.1253322958946228
82.2699966430664,2295.39794921875,4.699999809265137,0.49000000953674316,0.14000000059604645,8060302848,0.12901566922664642
125.2699966430664,2216.41552734375,4.300000190734863,0.49000000953674316,0.12999999523162842,7980241920,0.13063567876815796
134.5500030517578,2285.90234375,5.300000190734863,0.49000000953674316,0.12999999523162842,8787715072,0.1324416548013687
137.97999572753906,2064.41552734375,9.100000381469727,0.49000000953674316,0.12999999523162842,9034374144,0.13420313596725464
141.8000030517578,2079.177001953125,9.5,0.49000000953674316,0.11999999731779099,9402000384,0.13531935214996338
148.49000549316406,2145.508056640625,9.300000190734863,0.49000000953674316,0.11999999731779099,10127202304,0.1368049830198288
153.6999969482422,2044.6259765625,9.300000190734863,0.49000000953674316,0.11999999731779099,9978809344,0.14104589819908142
153.83999633789062,1881.0970458984375,8.199999809265137,0.49000000953674316,0.11999999731779099,10225933312,0.1443261057138443
11.550000190734863,4118.20458984375,5.099999904632568,0.49000000953674316,0.18000000715255737,1932300032,0.12064699083566666
13.029999732971191,3873.327880859375,4.199999809265137,0.49000000953674316,0.1899999976158142,2052049536,0.12344168871641159
82.5999984741211,3777.153564453125,3.799999952316284,0.5,0.18000000715255737,2399015168,0.12821365892887115
83.61000061035156,3765.824462890625,4.5,0.49000000953674316,0.18000000715255737,2739374080,0.13190525770187378
79.660003662109375,3664.519287109375,7.5,0.49000000953674316,0.17000000178813934,2868851456,0.1317419558763504
81,3427.4921875,8.100000381469727,0.49000000953674316,0.17000000178813934,3096999936,0.13329915702342987
130.1300048828125,3538.7197265625,7.5,0.5,0.17000000178813934,3048163328,0.13593974709510803
126.01000213623047,3602.332275390625,7.099999904632568,0.5,0.1599999964237213,3159237120,0.14109452068805695
NA,3783.515625,7,0.5,0.1599999964237213,3246616320,0.1472972333431244
126.9000015258789,2121.979248046875,5,0.47999998927116394,0.1599999964237213,36867600384,0.12708860635757446
135.69000244140625,2086.28466796875,4.5,0.47999998927116394,0.1599999964237213,39011123200,0.13057412207126617
145.0399932861328,2005.108154296875,4.599999904632568,0.49000000953674316,0.1599999964237213,41087410176,0.13181795179843903
156.1699981689453,2022.64306640625,5.400000095367432,0.49000000953674316,0.1599999964237213,44003725312,0.13364526629447937
161.2899932861328,1955.434326171875,8.300000190734863,0.49000000953674316,0.15000000596046448,46696284160,0.13390590250492096
176.8000030517578,1957.1805419921875,8.600000381469727,0.47999998927116394,0.15000000596046448,48064000000,0.13531403243541718
188.19000244140625,1904.732421875,8.300000190734863,0.49000000953674316,0.15000000596046448,52301365248,0.13690690696239471
201.07000732421875,1913.9354248046875,8.5,0.49000000953674316,0.15000000596046448,51904757760,0.14100277423858643
200.30999755859375,1820.7191162109375,7.699999809265137,0.49000000953674316,0.14000000059604645,52857135104,0.14400410652160645
78.29000091552734,4064.772705078125,5.199999809265137,0.49000000953674316,0.18000000715255737,7889399808,0.11721200495958328
86.05999755859375,4088.123291015625,4.699999809265137,0.49000000953674316,0.18000000715255737,8103747072,0.12101828306913376
150.17999267578125,4056.717529296875,4.699999809265137,0.49000000953674316,0.17000000178813934,8434572288,0.12173403799533844
159.42999267578125,4004.135986328125,6.099999904632568,0.49000000953674316,0.1599999964237213,9749210112,0.12286468595266342
134.83999633789062,3637.278076171875,10.600000381469727,0.49000000953674316,0.1599999964237213,10762373120,0.1267392337322235
132.89999389648438,3443.719970703125,10.899999618530273,0.49000000953674316,0.15000000596046448,10040999936,0.129656583070755
114.66999816894531,3500.03564453125,10.300000190734863,0.49000000953674316,0.15000000596046448,10961426432,0.1321357786655426
109.2699966430664,3370.82373046875,9.300000190734863,0.49000000953674316,0.15000000596046448,11494737920,0.1380937099456787
67.30000305175781,3103.194091796875,7.900000095367432,0.49000000953674316,0.14000000059604645,11948060672,0.14263905584812164
39.869998931884766,1988.58056640625,3.4000000953674316,0.5,0.11999999731779099,449100000,0.14214010536670685
45.20000076293945,2057.06005859375,3.200000047683716,0.5,0.11999999731779099,443686368,0.1459880769252777
50.09000015258789,1960.10546875,3.0999999046325684,0.5099999904632568,0.10999999940395355,467636864,0.14439710974693298
57.45000076293945,1981.3890380859375,3.200000047683716,0.5,0.10000000149011612,512336992,0.14607447385787964
63.34000015258789,1926.859619140625,4.099999904632568,0.5,0.10000000149011612,574360384,0.14735238254070282
65.5,1780.9874267578125,3.799999952316284,0.5099999904632568,0.10000000149011612,675000000,0.14540421962738037
69.80999755859375,1945.8818359375,3.5,0.5,0.09000000357627869,709450688,0.14395582675933838
70.94999694824219,2037.4659423828125,3.0999999046325684,0.5099999904632568,0.07999999821186066,777966080,0.14430812001228333
75.20999908447266,2121.41357421875,2.9000000953674316,0.5099999904632568,0.09000000357627869,831150848,0.14176249504089355
41.52000045776367,3670.010009765625,5.900000095367432,0.49000000953674316,0.14000000059604645,10574999552,0.12827487289905548
44.09000015258789,3687.188720703125,5.400000095367432,0.49000000953674316,0.14000000059604645,10570827776,0.13313105702400208
49.040000915527344,3457.954833984375,5.599999904632568,0.49000000953674316,0.12999999523162842,11208077312,0.13486965000629425
54.290000915527344,3401.248046875,6.400000095367432,0.49000000953674316,0.11999999731779099,11877531648,0.13683313131332397
51.83000183105469,3265.239013671875,10.300000190734863,0.49000000953674316,0.11999999731779099,13142427648,0.13870875537395477
52.599998474121094,3265.456787109375,10.300000190734863,0.49000000953674316,0.11999999731779099,13939000320,0.14092859625816345
80.73999786376953,3296.4921875,8.800000190734863,0.49000000953674316,0.11999999731779099,14841750528,0.14273200929164886
75.80000305175781,3206.979248046875,7.400000095367432,0.49000000953674316,0.10999999940395355,15343512576,0.14791534841060638
83.44000244140625,2924.419677734375,7.5,0.49000000953674316,0.10999999940395355,16983040000,0.15141232311725616
25.90999984741211,4041.202880859375,4.5,0.49000000953674316,0.1599999964237213,2417400064,0.12866273522377014
29.299999237060547,3609.481201171875,4,0.49000000953674316,0.1599999964237213,2688924416,0.13288874924182892
33.93000030517578,3541.59716796875,4.099999904632568,0.5,0.15000000596046448,3055797760,0.1323683112859726
35.7400016784668,3448.782470703125,3.700000047683716,0.49000000953674316,0.15000000596046448,3446182144,0.13487762212753296
36.4900016784668,3560.119384765625,6.400000095367432,0.49000000953674316,0.14000000059604645,3719573504,0.13434290885925293
35.099998474121094,3443.666748046875,6.800000190734863,0.49000000953674316,0.14000000059604645,3928000000,0.1355208307504654
41.349998474121094,3370.31787109375,5.900000095367432,0.5,0.14000000059604645,4156679936,0.13646021485328674
41.58000183105469,3431.1494140625,5.300000190734863,0.5,0.12999999523162842,4809914880,0.14050649106502533
42.09000015258789,3280.92724609375,5.300000190734863,0.5,0.12999999523162842,4937762304,0.14229771494865417
78.38999938964844,4433.712890625,6.199999809265137,0.49000000953674316,0.12999999523162842,2405700096,0.12567256391048431
76.3499984741211,3755.4453125,5.300000190734863,0.5,0.11999999731779099,2381116928,0.12885603308677673
77.37000274658203,3566.84912109375,5.199999809265137,0.5,0.11999999731779099,2564398848,0.13013339042663574
87.45999908447266,3321.235595703125,6.5,0.5,0.10999999940395355,2948652544,0.1330290287733078
102.68000030517578,3013.705810546875,11.300000190734863,0.5,0.10999999940395355,3396004096,0.13471411168575287
114.9000015258789,3040.252197265625,10.600000381469727,0.5,0.10999999940395355,3697999872,0.13933289051055908
135.0800018310547,3150.988037109375,9.5,0.49000000953674316,0.10999999940395355,4116464128,0.14285670220851898
130.3300018310547,3242.5556640625,8.800000190734863,0.5,0.10000000149011612,4355136000,0.14917680621147156
129.8000030517578,3184.3388671875,7.900000095367432,0.5,0.10000000149011612,5038184448,0.15383867919445038
146.77000427246094,2413.206787109375,5,0.47999998927116394,0.12999999523162842,13388399616,0.14646001160144806
152.52000427246094,2434.606689453125,4.599999904632568,0.49000000953674316,0.14000000059604645,12690355200,0.1513778120279312
206.9199981689453,2338.8369140625,4.400000095367432,0.49000000953674316,0.12999999523162842,13764872192,0.1518062949180603
228.02999877929688,2380.96435546875,5.300000190734863,0.49000000953674316,0.12999999523162842,14827170816,0.1532902717590332
226.60000610351562,2188.245849609375,8,0.49000000953674316,0.11999999731779099,15472324608,0.15427131950855255
248.60000610351562,2174.2138671875,8.5,0.49000000953674316,0.11999999731779099,17365999616,0.15464690327644348
290.1700134277344,2224.1220703125,7.900000095367432,0.49000000953674316,0.10999999940395355,18749915136,0.15557056665420532
280.1300048828125,2165.709228515625,7.800000190734863,0.49000000953674316,0.10999999940395355,19322824704,0.15998153388500214
276.4800109863281,2059.0712890625,7.400000095367432,0.49000000953674316,0.10999999940395355,20416612352,0.1636139452457428
62.220001220703125,2742.444091796875,5,0.47999998927116394,0.17000000178813934,1484999936,0.13553418219089508
67.11000061035156,2625.72705078125,4.900000095367432,0.47999998927116394,0.18000000715255737,1523323264,0.13810661435127258
71.29000091552734,2608.11572265625,5.199999809265137,0.47999998927116394,0.17000000178813934,1491305344,0.13826392590999603
77.48999786376953,2833.64111328125,7.800000190734863,0.47999998927116394,0.1599999964237213,1690021120,0.1423560231924057
75.13999938964844,2615.489501953125,11,0.49000000953674316,0.15000000596046448,1750619008,0.14411574602127075
61.400001525878906,2560.019287109375,11.199999809265137,0.47999998927116394,0.17000000178813934,1864000000,0.14453890919685364
74.13999938964844,2659.26513671875,11,0.47999998927116394,0.15000000596046448,1956145408,0.14617778360843658
72.63999938964844,2568.691650390625,10.399999618530273,0.47999998927116394,0.14000000059604645,1850696064,0.15121984481811523
72.970001220703125,2443.7177734375,9.300000190734863,0.49000000953674316,0.14000000059604645,1925107712,0.1548856794834137
39.88999938964844,4346.591796875,6.699999809265137,0.47999998927116394,0.18000000715255737,3594599936,0.12289567291736603
39.93000030517578,4238.60693359375,6.400000095367432,0.49000000953674316,0.1899999976158142,3575372800,0.12817011773586273
39.63999938964844,4259.66064453125,5.699999809265137,0.49000000953674316,0.18000000715255737,3697372672,0.1298592984676361
40.279998779296875,4194.08642578125,6.800000190734863,0.49000000953674316,0.17000000178813934,4266513408,0.13276641070842743
37.470001220703125,3884.85791015625,11.199999809265137,0.49000000953674316,0.1599999964237213,4710935552,0.13571545481681824
35.400001525878906,3906.097412109375,11.199999809265137,0.49000000953674316,0.1599999964237213,4856000000,0.13694721460342407
35.060001373291016,3921.2685546875,10.600000381469727,0.49000000953674316,0.1599999964237213,4605242368,0.13995614647865295
35.47999954223633,3833.655029296875,9.199999809265137,0.49000000953674316,0.15000000596046448,4724643840,0.14708228409290314
37.06999969482422,3630.837646484375,7.599999904632568,0.49000000953674316,0.14000000059604645,4891824640,0.15185998380184174
23.450000762939453,1765.844482421875,3.799999952316284,0.49000000953674316,0.10999999940395355,518400000,0.1355033963918686
24.1299991607666,1763.9102783203125,3.0999999046325684,0.5,0.11999999731779099,537045376,0.14277565479278564
26.709999084472656,1746.9173583984375,2.799999952316284,0.5,0.11999999731779099,574090816,0.1429312378168106
29.1200008392334,1735.275146484375,3.0999999046325684,0.5,0.10000000149011612,634745088,0.14384961128234863
30.59000015258789,1781.5125732421875,4.900000095367432,0.5,0.10000000149011612,687462144,0.14405889809131622
31.5,1860.836669921875,5,0.5,0.10000000149011612,742000000,0.14441193640232086
31.860000610351562,1856.28955078125,4.699999809265137,0.5,0.09000000357627869,717700160,0.14564691483974457
33.900001525878906,2076.203369140625,4.300000190734863,0.5,0.10000000149011612,757964224,0.145306795835495
34.290000915527344,1924.7554931640625,3.799999952316284,0.5,0.07999999821186066,803374592,0.14736227691173553
52.060001373291016,4274.587890625,5.599999904632568,0.49000000953674316,0.1899999976158142,5936399872,0.12195887416601181
54.630001068115234,4103.623046875,5.199999809265137,0.49000000953674316,0.1899999976158142,5092225536,0.12702733278274536
64.3499984741211,4086.029052734375,4.699999809265137,0.49000000953674316,0.1899999976158142,6044111360,0.12840653955936432
60.220001220703125,4019.0888671875,6.599999904632568,0.49000000953674316,0.17000000178813934,6385950208,0.13133510947227478
48.189998626708984,3760.8037109375,10.5,0.49000000953674316,0.17000000178813934,6364188672,0.13284644484519958
53,3663.184326171875,9.699999809265137,0.49000000953674316,0.1599999964237213,7397000192,0.13527385890483856
63,3608.720947265625,9,0.49000000953674316,0.1599999964237213,7328584704,0.13727699220180511
68.43000030517578,3375.972412109375,7.800000190734863,0.49000000953674316,0.15000000596046448,8074424320,0.1426094025373459
70.4000015258789,3196.466064453125,7.800000190734863,0.49000000953674316,0.14000000059604645,8545469952,0.14627358317375183
19.760000228881836,4347.56201171875,5.400000095367432,0.49000000953674316,0.20999999344348907,15396299776,0.09644512832164764
19.40999984741211,4109.00390625,4.900000095367432,0.5,0.20999999344348907,15705573376,0.09909237176179886
18.90999984741211,4134.86767578125,4.300000190734863,0.5,0.20999999344348907,17966950400,0.0999733954668045
20.729999542236328,3989.72998046875,4.800000190734863,0.5,0.20000000298023224,19764955136,0.10142893344163895
22.1299991607666,4012.142578125,7.599999904632568,0.5,0.20000000298023224,22506272768,0.10229066014289856
23.200000762939453,3767.949951171875,8.100000381469727,0.5,0.1899999976158142,25226999808,0.10369130223989487
23.920000076293945,3479.726318359375,7.800000190734863,0.5,0.1899999976158142,27303540736,0.10546674579381943
24.420000076293945,3358.79833984375,6.699999809265137,0.5,0.1899999976158142,26830880768,0.1088951975107193
26.389999389648438,3253.228759765625,6.199999809265137,0.5,0.18000000715255737,28872343552,0.11216369271278381
40.75,3887.58837890625,4.099999904632568,0.5,0.10000000149011612,1224899968,0.0846799984574318
37.06999969482422,3546.69384765625,3,0.5,0.10000000149011612,1289463552,0.08782528340816498
43.150001525878906,3583.183349609375,2.5999999046325684,0.5099999904632568,0.10000000149011612,1279347968,0.08771835267543793
44.31999969482422,3468.71923828125,3.5999999046325684,0.5,0.10000000149011612,1406705664,0.08950221538543701
43.18000030517578,3368.96142578125,7.300000190734863,0.5,0.10000000149011612,1557854208,0.09010972082614899
44.099998474121094,3183.308837890625,7.800000190734863,0.5,0.09000000357627869,1600999936,0.0903305634856224
48.15999984741211,2986.654541015625,6.699999809265137,0.5,0.10000000149011612,1780845056,0.09169458597898483
48.209999084472656,3022.001220703125,5.400000095367432,0.5,0.09000000357627869,1926492416,0.09522055089473724
55.54999923706055,3043.075439453125,4.599999904632568,0.5,0.09000000357627869,2104585088,0.09744656085968018
130.3699951171875,2374.21826171875,3.5,0.49000000953674316,0.10999999940395355,771299968,0.12753823399543762
151.0399932861328,2395.27880859375,3.700000047683716,0.49000000953674316,0.10000000149011612,824517184,0.1329442858695984
167.57000732421875,2358.051025390625,4,0.49000000953674316,0.10000000149011612,940976640,0.13534721732139587
178.67999267578125,2547.941162109375,4.699999809265137,0.49000000953674316,0.09000000357627869,956559808,0.13991984724998474
187.05999755859375,2402.303466796875,6.599999904632568,0.49000000953674316,0.09000000357627869,1050371392,0.1436132937669754
194.39999389648438,2262.732666015625,6.099999904632568,0.49000000953674316,0.09000000357627869,1112999936,0.14574573934078217
202.4199981689453,2408.173095703125,5.5,0.49000000953674316,0.07999999821186066,1161106816,0.1494833379983902
224.22999572753906,2499.92822265625,5,0.49000000953674316,0.07999999821186066,1286433792,0.15732790529727936
281.6099853515625,2214.547119140625,4.400000095367432,0.49000000953674316,0.09000000357627869,1459321472,0.16382554173469543
27.020000457763672,2644.8623046875,3.5999999046325684,0.49000000953674316,0.15000000596046448,3745799936,0.11224491894245148
35.59000015258789,2479.330322265625,3.0999999046325684,0.49000000953674316,0.15000000596046448,3994101760,0.11592666059732437
40.68000030517578,2474.0419921875,3,0.49000000953674316,0.14000000059604645,4376016384,0.11745595186948776
46.099998474121094,2511.343505859375,3.9000000953674316,0.49000000953674316,0.14000000059604645,4983193088,0.1205289289355278
47.400001525878906,2447.912353515625,6.699999809265137,0.49000000953674316,0.12999999523162842,5390529536,0.1211804747581482
47.900001525878906,2335.13037109375,7.099999904632568,0.49000000953674316,0.14000000059604645,5997000192,0.1221584752202034
51.869998931884766,2255.212890625,6.599999904632568,0.49000000953674316,0.11999999731779099,6562419200,0.12478503584861755
51.58000183105469,2177.771484375,6,0.49000000953674316,0.11999999731779099,6709036032,0.1297520399093628
50.63999938964844,2074.37548828125,5.699999809265137,0.49000000953674316,0.11999999731779099,7333998080,0.13374756276607513
56.83000183105469,4916.8291015625,5.599999904632568,0.5,0.10999999940395355,4753800192,0.11124900728464127
60.36000061035156,4527.81640625,5,0.5,0.10999999940395355,4737276416,0.11518750339746475
66.720001220703125,4051.264892578125,4.699999809265137,0.5,0.10999999940395355,5192480256,0.11698104441165924
75.720001220703125,3798.75390625,5.400000095367432,0.5,0.10000000149011612,5762063872,0.11954042315483093
77.19999694824219,3677.80615234375,9.199999809265137,0.5,0.10000000149011612,5878342656,0.12026028335094452
78.69999694824219,3699.633544921875,10,0.5,0.10000000149011612,6537999872,0.12311935424804688
79.80999755859375,3579.668701171875,9.300000190734863,0.5,0.10000000149011612,6924362752,0.12609636783599854
83.4800033569336,3688.587646484375,8.100000381469727,0.5,0.10000000149011612,7487002112,0.13159582018852234
85.470001220703125,3715.924560546875,7,0.5,0.10000000149011612,7795511296,0.13638080656528473
34.90999984741211,2623.3017578125,5.099999904632568,0.49000000953674316,0.1899999976158142,1812600064,0.15035134553909302
40.95000076293945,2622.71923828125,4.900000095367432,0.49000000953674316,0.1899999976158142,1890288896,0.15349002182483673
44.0099983215332,2487.388671875,4.599999904632568,0.49000000953674316,0.1899999976158142,1968447104,0.15488497912883759
52.41999816894531,2498.003173828125,4.300000190734863,0.49000000953674316,0.18000000715255737,2082911488,0.1568608582019806
49.369998931884766,2501.1162109375,7.699999809265137,0.49000000953674316,0.17000000178813934,2289573632,0.15777207911014557
44.79999923706055,2227.45849609375,8.699999809265137,0.49000000953674316,0.17000000178813934,2422000128,0.16106276214122772
57.33000183105469,2102.931396484375,8.100000381469727,0.49000000953674316,0.1599999964237213,2581039360,0.1624031662940979
59.060001373291016,2397.22509765625,7.5,0.49000000953674316,0.1599999964237213,2867631360,0.167673721909523
67.839996337890625,2154.138427734375,6.699999809265137,0.49000000953674316,0.15000000596046448,3006244864,0.17257849872112274
67.66999816894531,2660.504638671875,4.699999809265137,0.49000000953674316,0.10999999940395355,4140000000,0.12546414136886597
71.910003662109375,2810.284912109375,4.699999809265137,0.5,0.11999999731779099,4022756608,0.12991490960121155
68.1500015258789,2839.26904296875,4.900000095367432,0.5,0.10999999940395355,4337046528,0.13155308365821838
68.70999908447266,2755.825439453125,4.900000095367432,0.5,0.10000000149011612,4638673408,0.13283409178256989
82.70999908447266,2605.13525390625,8.600000381469727,0.5,0.10000000149011612,6608094720,0.1344529390335083
71.5999984741211,2509.655029296875,8.699999809265137,0.5,0.10000000149011612,6229000192,0.13697127997875214
72.589996337890625,2450.8193359375,7.800000190734863,0.5,0.10000000149011612,6274720256,0.13869857788085938
71.05999755859375,2459.08740234375,7,0.5,0.09000000357627869,6855365632,0.14390023052692413
83.12000274658203,2188.6650390625,6.699999809265137,0.5,0.09000000357627869,7335066624,0.14777109026908875
60.599998474121094,3125.50439453125,3.5999999046325684,0.5,0.09000000357627869,354600000,0.11958378553390503
47.599998474121094,2942.79150390625,3.200000047683716,0.5,0.10000000149011612,391922976,0.11966897547245026
57.689998626708984,2814.297119140625,2.799999952316284,0.5099999904632568,0.09000000357627869,413459424,0.12023984640836716
97.04000091552734,2658.215576171875,3.0999999046325684,0.5099999904632568,0.07999999821186066,471863360,0.12411483377218246
104.73999786376953,2544.06982421875,6.300000190734863,0.5099999904632568,0.07999999821186066,501581856,0.12230142951011658
88.4000015258789,2457.482666015625,6.400000095367432,0.5099999904632568,0.07999999821186066,508000000,0.12434184551239014
55.060001373291016,2268.727294921875,5.800000190734863,0.5099999904632568,0.07999999821186066,528994496,0.12677635252475739
55.060001373291016,2291.932861328125,5.300000190734863,0.5099999904632568,0.07999999821186066,563209536,0.1302020102739334
57.900001525878906,2196.243896484375,4.699999809265137,0.5099999904632568,0.07000000029802322,584369536,0.13310380280017853
